{
  "Routes": [

    {
      "DownstreamPathTemplate": "/GetCustomer",
      "DownstreamScheme": "http",
      "DownstreamHostAndPorts": [
        {
          "Host": "localhost",
          "Port": 5250
        }
      ],
      "UpstreamPathTemplate": "/Customer",
      "UpstreamHttpMethod": [ "Get" ]
    },
    {
      "DownstreamPathTemplate": "/GetProduct",
      "DownstreamScheme": "http",
      "DownstreamHostAndPorts": [
        {
          "Host": "localhost",
          "Port": 5031
        }
      ],
      "UpstreamPathTemplate": "/Product",
      "UpstreamHttpMethod": [ "Get" ]
    }
  ]
}
